City,Country,lat,lng,Max Temperature ‚Å∞F,Humidity,Cloudiness,Wind speed,Date
san rafael,AR,-34.62,-68.33,66.85,48,99,3.87,1605583836
xinxiang,CN,35.31,113.87,54.21,76,100,11.79,1605584047
isangel,VU,-19.55,169.27,82.4,74,20,5.82,1605584047
hermanus,ZA,-34.42,19.23,63.0,85,100,3.0,1605584047
albany,US,42.6,-73.97,41.0,68,47,5.57,1605583822
sungai padi,TH,6.09,101.88,82.99,73,97,3.06,1605584047
samarai,PG,-10.62,150.67,82.85,75,22,8.48,1605584047
chuzhou,CN,32.32,118.3,71.01,77,59,10.02,1605584047
khasan,RU,42.43,130.64,54.05,71,93,16.15,1605584047
upernavik,GL,72.79,-56.15,21.74,80,100,10.2,1605584047
busselton,AU,-33.65,115.33,68.0,74,100,5.01,1605584047
thompson,CA,55.74,-97.86,5.0,84,90,6.93,1605583803
tiksi,RU,71.69,128.87,-1.93,89,100,24.38,1605584047
trinidad,BO,-14.83,-64.9,78.87,78,52,2.73,1605584048
witu,KE,-2.39,40.44,80.6,83,75,4.7,1605584048
rikitea,PF,-23.12,-134.97,76.28,75,39,7.36,1605584048
ngunguru,NZ,-35.62,174.5,75.0,64,4,8.99,1605584048
ribeira grande,PT,38.52,-28.7,62.55,73,100,22.55,1605584048
tuktoyaktuk,CA,69.45,-133.04,10.4,72,90,14.99,1605584048
jamestown,US,42.1,-79.24,37.99,64,90,8.05,1605584009
saskylakh,RU,71.92,114.08,14.59,95,100,14.88,1605584048
sola,VU,-13.88,167.55,86.0,74,75,6.93,1605584048
alofi,NU,-19.06,-169.92,86.0,66,75,8.05,1605584048
naze,JP,28.37,129.48,78.8,61,75,18.34,1605583819
puerto ayora,EC,-0.74,-90.35,70.0,90,90,5.99,1605584048
leningradskiy,RU,69.38,178.42,29.28,92,100,8.57,1605584049
ushuaia,AR,-54.8,-68.3,42.8,70,40,35.57,1605584049
mount gambier,AU,-37.83,140.77,69.8,49,40,10.29,1605584049
hilo,US,19.73,-155.09,78.8,74,90,4.7,1605584049
goba,ET,7.02,39.98,45.07,57,0,3.58,1605583989
arawa,PG,-6.21,155.54,85.26,64,92,4.23,1605584049
fukue,JP,32.69,128.84,69.8,88,40,6.93,1605584049
margate,GB,51.38,1.39,55.0,78,100,4.0,1605583957
yellowknife,CA,62.46,-114.35,1.0,84,20,3.36,1605584049
lorengau,PG,-2.02,147.27,83.43,79,100,9.1,1605584049
tsiroanomandidy,MG,-18.77,46.03,73.17,67,33,0.96,1605584049
mataura,NZ,-46.19,168.86,69.01,54,85,10.0,1605584049
sobolevo,RU,54.43,31.9,23.49,94,97,12.77,1605584050
port hardy,CA,50.7,-127.42,46.4,87,90,28.86,1605584050
mollendo,PE,-17.02,-72.01,62.94,77,67,6.55,1605584050
hobart,AU,-42.88,147.33,66.0,34,40,12.75,1605584027
anadyr,RU,64.75,177.48,33.8,91,40,24.61,1605584050
pevek,RU,69.7,170.31,14.43,97,100,5.41,1605584050
puerto carreno,CO,6.19,-67.49,77.7,85,100,2.98,1605584050
takaka,NZ,-40.85,172.8,69.03,50,100,13.27,1605584050
butaritari,KI,3.07,172.79,81.63,75,43,13.44,1605584050
the valley,AI,18.22,-63.06,78.8,83,20,8.05,1605584050
kandrian,PG,-6.22,149.55,84.85,67,61,8.28,1605584050
mahebourg,MU,-20.41,57.7,73.4,69,20,10.29,1605584050
punta arenas,CL,-53.15,-70.92,48.2,70,0,38.03,1605583860
richards bay,ZA,-28.78,32.04,70.84,83,100,9.35,1605584051
ancud,CL,-41.87,-73.82,51.01,87,0,4.7,1605584051
new norfolk,AU,-42.78,147.06,66.0,37,29,5.01,1605584051
gasa,PS,31.5,34.47,60.8,82,0,2.24,1605584051
san cristobal,VE,7.77,-72.22,67.28,91,100,1.54,1605584051
deer lake,CA,49.17,-57.43,41.0,93,90,6.93,1605584051
cidreira,BR,-30.18,-50.21,62.83,84,14,9.78,1605584051
rawson,AR,-43.3,-65.1,53.85,72,2,1.16,1605583848
benghazi,LY,32.12,20.07,65.79,71,94,8.86,1605584051
nyrob,RU,60.73,56.72,14.72,97,89,3.62,1605584051
dubovyy umet,RU,52.98,50.29,1.4,84,0,4.45,1605584052
chuy,UY,-33.7,-53.46,52.34,82,0,6.15,1605584052
qaanaaq,GL,77.48,-69.36,4.06,81,100,9.75,1605584052
payo,ID,-3.75,103.64,86.49,69,58,2.19,1605584052
kununurra,AU,-15.77,128.73,93.2,46,40,13.87,1605583888
roald,NO,62.58,6.13,48.0,75,92,28.86,1605584052
egvekinot,RU,66.32,-179.17,27.97,99,100,16.04,1605584052
eirunepe,BR,-6.66,-69.87,73.2,93,79,2.01,1605584052
kapaa,US,22.08,-159.32,78.8,78,20,11.41,1605583778
paso de carrasco,UY,-34.86,-56.05,51.8,81,0,4.99,1605584052
inhambane,MZ,-23.86,35.38,72.0,71,3,3.65,1605584052
palmer,US,42.16,-72.33,39.99,64,40,4.79,1605584052
chojnice,PL,53.7,17.56,46.0,96,96,8.9,1605584053
yamada,JP,39.47,141.95,52.83,47,0,4.25,1605584053
senador jose porfirio,BR,-2.59,-51.95,76.95,83,100,2.84,1605584053
dunedin,NZ,-45.87,170.5,69.85,42,100,12.8,1605583875
atuona,PF,-9.8,-139.03,78.48,71,0,15.14,1605584053
cahir,IE,52.38,-7.92,55.0,91,100,1.99,1605584053
vao,NC,-22.67,167.48,75.27,74,7,12.5,1605584053
georgetown,MY,5.41,100.34,87.8,74,20,4.7,1605583997
saldanha,ZA,-33.01,17.94,57.2,87,100,2.24,1605584053
carnarvon,AU,-24.87,113.63,77.0,69,40,19.46,1605584053
mildura,AU,-34.2,142.15,77.0,22,0,5.82,1605584053
nouadhibou,MR,20.93,-17.03,73.4,53,6,10.29,1605584054
caravelas,BR,-17.71,-39.25,74.88,89,100,9.44,1605584054
portland,US,45.52,-122.68,53.01,76,90,10.29,1605584040
silca,HN,14.83,-86.53,71.6,100,75,4.34,1605584054
bredasdorp,ZA,-34.53,20.04,62.6,77,100,5.82,1605584054
katsuura,JP,35.13,140.3,69.01,59,0,5.82,1605584054
bengkulu,ID,-3.8,102.27,84.33,71,65,8.55,1605584051
kahului,US,20.89,-156.47,80.6,61,40,16.11,1605584031
sao paulo de olivenca,BR,-3.38,-68.87,72.63,98,90,1.83,1605584054
dukat,RU,62.55,155.55,-25.08,84,31,3.94,1605584054
pavilosta,LV,56.89,21.19,46.4,100,100,8.05,1605584054
aklavik,CA,68.22,-135.01,6.8,71,98,5.82,1605584054
kikwit,CD,-5.04,18.82,68.99,97,100,1.57,1605584054
bethel,US,41.37,-73.41,39.99,86,1,5.97,1605584055
saint-joseph,RE,-21.37,55.62,71.6,49,75,5.82,1605584055
mount isa,AU,-20.73,139.5,98.6,20,20,5.82,1605583840
grand gaube,MU,-20.01,57.66,77.0,62,76,7.0,1605584055
lavrentiya,RU,65.58,-171.0,31.89,96,100,14.79,1605584055
borogontsy,RU,62.67,131.17,-7.96,89,99,4.29,1605584055
chernukha,RU,55.6,43.76,18.27,83,0,5.82,1605584055
mar del plata,AR,-38.0,-57.56,59.0,81,0,5.82,1605584055
gamba,GA,-2.65,10.0,76.84,88,100,6.33,1605584055
longyearbyen,SJ,78.22,15.64,19.4,57,75,3.36,1605584055
port alfred,ZA,-33.59,26.89,67.8,89,98,16.33,1605584055
vagur,FO,61.47,-6.81,45.72,76,64,1.54,1605584055
esperance,AU,-33.87,121.9,80.6,32,100,6.93,1605584056
husavik,IS,66.04,-17.34,28.4,86,90,4.7,1605584056
gidole,ET,5.65,37.37,55.67,71,2,5.5,1605584056
airai,TL,-8.93,125.41,81.88,37,75,8.99,1605584056
puerto del rosario,ES,28.5,-13.86,69.8,49,0,3.36,1605584056
bubaque,GW,11.28,-15.83,84.27,53,40,4.23,1605584056
bluff,NZ,-46.6,168.33,69.01,54,19,10.0,1605584056
saint-augustin,CA,51.23,-58.65,35.92,86,68,13.98,1605584056
ilulissat,GL,69.22,-51.1,15.8,33,100,17.22,1605584056
cape town,ZA,-33.93,18.42,63.0,77,20,6.93,1605583883
charters towers,AU,-20.1,146.27,97.11,21,0,16.11,1605584057
chernoyerkovskaya,RU,45.43,37.77,39.2,78,3,4.47,1605584057
hambantota,LK,6.12,81.12,78.8,100,75,4.7,1605584057
asfi,MA,32.3,-9.24,73.65,43,0,8.25,1605584057
lom sak,TH,16.78,101.24,82.4,65,20,4.7,1605584057
kotelnich,RU,58.31,48.35,13.89,93,0,4.97,1605584057
te anau,NZ,-45.42,167.72,57.25,75,86,9.75,1605584057
lata,PT,40.16,-8.33,57.0,90,2,3.89,1605584057
punta alta,AR,-38.88,-62.07,60.19,76,0,8.05,1605584057
vaini,TO,-21.2,-175.2,73.4,94,90,6.93,1605584057
mbanza-ngungu,CD,-5.25,14.87,68.25,100,100,5.84,1605584058
gat,IL,31.61,34.76,60.8,82,0,2.24,1605583924
ca mau,VN,9.18,105.15,87.62,65,34,9.86,1605584058
yangambi,CD,0.81,24.43,68.18,92,43,1.36,1605584058
sorland,NO,67.67,12.69,47.98,78,100,29.12,1605584058
dikson,RU,73.51,80.55,32.59,99,100,21.85,1605584058
hithadhoo,MV,-0.6,73.08,82.2,79,100,19.57,1605583868
thinadhoo,MV,0.53,72.93,83.48,76,100,18.88,1605584058
kota kinabalu,MY,5.97,116.07,89.6,79,20,4.7,1605584058
angoche,MZ,-16.23,39.91,77.4,77,14,5.73,1605584058
nabire,ID,-3.37,135.48,79.07,88,100,3.74,1605584058
kavaratti,IN,10.57,72.64,82.4,83,75,4.7,1605584058
east london,ZA,-33.02,27.91,66.2,100,90,9.17,1605583995
springfield,US,37.22,-93.3,50.0,46,1,4.7,1605583804
khatanga,RU,71.97,102.5,13.44,96,100,16.73,1605584059
sarangani,PH,5.4,125.46,84.92,73,89,16.26,1605584059
bay saint louis,US,30.31,-89.33,48.2,93,1,10.36,1605584059
torbay,CA,47.67,-52.73,42.01,100,90,28.86,1605584059
barcelona,ES,41.39,2.16,60.01,76,20,10.29,1605583852
bowen,AU,-20.02,148.23,87.8,45,6,11.41,1605584059
muscat,OM,23.61,58.59,71.6,73,0,3.36,1605584059
krasnyy luch,UA,48.14,38.94,26.58,99,100,11.97,1605584059
waingapu,ID,-9.66,120.26,92.21,47,0,12.44,1605583930
lebu,CL,-37.62,-73.65,51.69,92,20,17.54,1605584059
santa maria,BR,-29.68,-53.81,64.4,100,13,5.19,1605583772
luderitz,NA,-26.65,15.16,55.98,83,0,14.81,1605584059
embonas,GR,36.23,27.86,59.0,72,20,3.36,1605584060
fairbanks,US,64.84,-147.72,-2.99,83,20,1.74,1605584060
sao filipe,CV,14.9,-24.5,78.85,64,0,4.85,1605584060
vallenar,CL,-28.57,-70.76,50.47,83,0,2.64,1605584060
bathsheba,BB,13.22,-59.52,80.6,78,20,17.22,1605584060
genc,TR,38.75,40.56,37.13,77,0,2.17,1605583941
ahipara,NZ,-35.17,173.17,66.07,64,1,11.07,1605584060
dzaoudzi,YT,-12.79,45.27,78.8,83,20,6.93,1605584060
toora-khem,RU,52.47,96.11,20.8,90,88,1.63,1605584060
santa cruz de tenerife,ES,28.47,-16.25,73.0,30,0,5.82,1605583829
buckingham,GB,52.0,-0.99,55.0,89,99,1.99,1605584060
yuncheng,CN,35.02,110.99,60.15,69,100,4.7,1605584060
kavieng,PG,-2.57,150.8,84.92,69,31,6.8,1605584060
codrington,AU,-38.27,141.97,63.28,68,39,13.15,1605584061
banda aceh,ID,5.56,95.32,85.1,67,100,8.68,1605584061
avarua,CK,-21.21,-159.78,77.0,94,82,13.87,1605584061
qasigiannguit,GL,68.82,-51.19,15.8,33,99,17.22,1605584061
leninsk,RU,48.71,45.2,23.0,67,75,20.13,1605584061
puerto escondido,MX,15.85,-97.07,78.8,74,5,3.36,1605584061
mackenzie,CA,55.3,-123.17,23.0,85,90,5.82,1605583805
tsovak,AM,40.18,45.63,30.85,93,48,2.8,1605584061
vila velha,BR,-20.33,-40.29,77.0,88,0,3.36,1605584061
alba,PL,52.03,23.12,44.6,100,90,4.47,1605584061
fare,PF,-16.7,-151.02,80.85,75,77,9.64,1605584062
kendari,ID,-3.94,122.5,89.78,52,31,5.57,1605584062
imbituba,BR,-28.24,-48.67,71.6,83,40,12.75,1605584062
ust-kuyga,RU,70.02,135.6,-13.07,87,100,8.43,1605584062
yerbogachen,RU,61.28,108.01,-0.92,90,70,8.19,1605584062
isoka,ZM,-10.16,32.63,67.12,80,69,2.77,1605584062
roebourne,AU,-20.78,117.13,103.51,12,50,7.61,1605583839
springdale,US,36.19,-94.13,53.6,34,1,4.7,1605584062
zaoyang,CN,32.13,112.75,63.93,87,100,12.71,1605584062
rio gallegos,AR,-51.62,-69.22,50.45,66,31,21.32,1605584062
sitka,US,57.05,-135.33,35.6,64,20,8.05,1605583891
bonavista,CA,48.65,-53.11,43.0,100,100,18.34,1605584062
great bend,US,38.36,-98.76,50.0,64,1,4.47,1605583922
provideniya,RU,64.38,-173.3,33.8,86,90,13.42,1605584063
port elizabeth,ZA,-33.92,25.57,66.2,93,90,6.93,1605584063
bahar,IR,34.91,48.44,41.58,73,61,1.7,1605584063
bossangoa,CF,6.49,17.46,68.45,56,37,1.57,1605584063
tiarei,PF,-17.53,-149.33,82.4,69,75,8.05,1605584063
tuatapere,NZ,-46.13,167.68,69.01,54,21,10.0,1605584063
castro,BR,-24.79,-50.01,63.84,93,0,4.72,1605583787
matay,EG,28.42,30.78,56.16,80,0,9.33,1605584063
santokhgarh,IN,31.37,76.32,65.17,35,0,3.36,1605584063
voh,NC,-20.97,164.7,81.73,64,11,8.5,1605584063
evensk,RU,61.95,159.23,5.09,93,99,11.99,1605584064
comodoro rivadavia,AR,-45.87,-67.5,64.4,63,0,10.94,1605584064
tyler,US,32.35,-95.3,53.01,57,1,3.06,1605583800
anshun,CN,26.25,105.93,64.72,77,79,25.7,1605584064
sale,MA,34.04,-6.82,68.0,71,0,4.7,1605584064
niono,ML,14.25,-5.99,73.13,21,0,10.51,1605584064
havant,GB,50.86,-0.99,55.99,85,100,11.01,1605584064
maragogi,BR,-9.01,-35.22,77.2,85,100,8.32,1605584064
kupang,ID,-10.17,123.58,96.8,37,40,17.22,1605584064
yulara,AU,-25.24,130.99,89.6,11,0,11.41,1605584064
roma,US,43.21,-75.46,39.2,55,90,11.41,1605584064
safaga,EG,26.73,33.94,66.2,63,0,10.29,1605584064
sao gabriel da cachoeira,BR,-0.13,-67.09,74.23,97,100,1.72,1605584065
clyde river,CA,70.47,-68.59,17.6,100,90,3.36,1605584065
morehead,US,37.27,-87.18,53.6,23,1,3.36,1605584065
ewa beach,US,21.32,-158.01,82.4,58,1,6.93,1605584065
yatou,CN,37.15,122.38,62.1,70,15,12.15,1605584065
baruun-urt,MN,46.68,113.28,28.29,92,99,18.63,1605583945
lengshuitan,CN,26.41,111.6,78.12,66,100,7.54,1605584065
komsomolskiy,UZ,40.43,71.72,33.8,80,75,4.7,1605584065
tasiilaq,GL,65.61,-37.64,19.4,67,0,3.36,1605584065
matagami,CA,49.75,-77.63,17.6,92,90,16.11,1605584065
danilovka,RU,50.36,44.12,21.11,81,100,15.79,1605584065
bilibino,RU,68.05,166.44,2.01,91,100,2.59,1605584065
hofn,IS,64.25,-15.21,32.47,87,80,22.59,1605584065
kruisfontein,ZA,-34.0,24.73,63.0,97,100,1.01,1605584066
lampang,TH,18.33,99.5,86.0,58,0,1.12,1605584066
kenai,US,60.55,-151.26,12.2,85,1,6.15,1605584066
hobyo,SO,5.35,48.53,80.29,75,99,18.95,1605584066
meadow lake,US,34.8,-106.54,51.8,27,1,4.7,1605584066
kemijarvi,FI,66.71,27.43,39.04,87,100,12.48,1605584066
broken hill,AU,-31.95,141.43,73.4,20,0,12.75,1605583870
faanui,PF,-16.48,-151.75,80.37,75,77,9.75,1605584066
kampot,KH,10.62,104.18,87.8,62,20,6.93,1605584066
kalemie,CD,-5.95,29.19,68.52,82,83,4.59,1605584067
matane,CA,48.83,-67.52,35.01,26,67,13.53,1605584067
saint george,US,37.1,-113.58,55.4,24,1,3.94,1605583790
havoysund,NO,71.0,24.66,42.8,75,0,36.91,1605584067
puerto madryn,AR,-42.77,-65.04,55.92,64,0,0.92,1605584062
kaduna,NG,10.52,7.44,68.97,35,0,9.64,1605584067
coquimbo,CL,-29.95,-71.34,53.6,81,98,4.7,1605584067
ankazoabo,MG,-22.28,44.52,79.02,48,0,4.16,1605584067
san jose,US,37.34,-121.89,64.0,55,20,4.72,1605584005
nikolskoye,RU,59.7,30.79,35.6,74,90,11.18,1605584067
chokurdakh,RU,70.63,147.92,-9.87,91,100,4.47,1605584067
kaitangata,NZ,-46.28,169.85,71.02,39,96,18.05,1605584068
henties bay,NA,-22.12,14.28,57.99,87,92,3.0,1605584068
kizilskoye,RU,52.73,58.89,13.12,85,25,1.86,1605584068
aktau,KZ,43.65,51.2,23.0,49,0,17.9,1605584068
batagay,RU,67.63,134.63,-17.18,86,96,4.03,1605584068
tura,IN,25.52,90.22,76.53,60,0,2.82,1605584068
hami,CN,42.8,93.45,39.92,62,0,7.78,1605584068
karachi,PK,24.91,67.08,64.4,63,0,17.22,1605583955
pyu,MM,18.48,96.43,83.35,60,5,3.0,1605584068
ust-nera,RU,64.57,143.2,-16.91,79,94,3.71,1605584068
chegutu,ZW,-18.13,30.14,69.4,45,0,6.46,1605584068
tessalit,ML,20.2,1.01,64.04,29,0,6.96,1605584068
fortuna,US,40.6,-124.16,68.0,49,1,12.75,1605584068
fort nelson,CA,58.81,-122.7,-0.4,84,40,2.24,1605584069
vardo,NO,70.37,31.11,43.99,80,99,35.08,1605584069
platanos,GR,37.67,21.62,55.4,82,20,4.7,1605584069
pisco,PE,-13.7,-76.22,62.6,88,0,9.17,1605584069
oktyabrskoye,RU,43.06,44.74,35.6,100,97,6.71,1605584069
dubai,AE,25.26,55.3,73.4,73,0,5.82,1605583868
bilma,NE,18.69,12.92,65.17,35,0,7.76,1605584069
puerto leguizamo,CO,-0.19,-74.78,72.37,94,100,1.3,1605583851
sayyan,YE,15.17,44.32,48.81,48,37,3.13,1605584069
kuching,MY,1.55,110.33,78.8,88,40,2.24,1605584069
san patricio,US,28.02,-97.52,68.0,68,20,9.17,1605584069
beringovskiy,RU,63.05,179.32,35.69,90,100,20.0,1605584069
barrow,US,71.29,-156.79,30.2,80,90,21.92,1605584070
sananduva,BR,-27.95,-51.81,60.46,94,52,5.86,1605584070
pozo colorado,PY,-23.49,-58.8,70.16,90,1,4.29,1605584070
ambilobe,MG,-13.2,49.05,76.82,71,3,4.29,1605584070
seoul,KR,37.57,126.98,66.2,55,90,3.36,1605584008
tanta,EG,30.79,31.0,56.88,76,14,4.27,1605583878
muncar,ID,-8.43,114.33,87.31,62,32,7.85,1605584070
pangnirtung,CA,66.15,-65.71,25.25,88,100,14.05,1605584070
padang,ID,-0.95,100.35,81.36,81,100,3.56,1605584070
souillac,MU,-20.52,57.52,73.4,69,20,10.29,1605584070
katherine,AU,-14.47,132.27,100.4,29,32,16.11,1605584070
miles city,US,46.41,-105.84,37.4,64,90,6.93,1605583895
constitucion,CL,-35.33,-72.42,55.22,75,0,7.61,1605584071
daru,PG,-9.08,143.21,85.35,70,99,14.63,1605584071
aksarka,RU,66.56,67.8,25.66,96,97,13.51,1605584071
norman wells,CA,65.28,-126.83,-14.8,83,20,4.7,1605584071
calabozo,VE,8.92,-67.43,75.94,92,99,5.99,1605584071
show low,US,34.25,-110.03,44.6,36,1,1.68,1605584043
saint-philippe,RE,-21.36,55.77,71.6,49,75,5.82,1605584071
dzerzhinsk,RU,56.24,43.46,12.2,85,0,4.47,1605584071
kushima,JP,31.46,131.23,71.6,82,75,4.7,1605584071
honiara,SB,-9.43,159.95,91.4,63,40,9.17,1605584071
green river,US,41.53,-109.47,37.4,64,1,8.05,1605583928
iberia,US,29.95,-91.75,53.6,62,1,4.7,1605584072
rafaela,AR,-31.25,-61.49,70.0,39,0,1.01,1605583814
barcelos,PT,41.54,-8.62,55.4,87,0,8.05,1605584066
markova,UA,48.68,24.41,41.74,82,100,1.23,1605584072
manaus,BR,-3.1,-60.02,80.6,88,0,2.26,1605583418
kipini,KE,-2.53,40.53,80.6,83,75,4.7,1605584072
fallon,US,39.47,-118.78,44.01,52,75,9.17,1605584072
ternate,ID,0.8,127.4,82.13,75,69,3.71,1605584072
bindi,SL,9.92,-11.45,67.26,57,0,1.63,1605584072
namibe,AO,-15.2,12.15,65.91,76,4,7.18,1605584072
bambanglipuro,ID,-7.95,110.28,86.85,64,93,13.51,1605584073
owasso,US,36.27,-95.85,53.6,46,1,3.56,1605584032
russell,US,32.35,-85.2,48.2,93,1,4.38,1605584073
buala,SB,-8.14,159.59,84.11,75,94,7.67,1605584073
arraial do cabo,BR,-22.97,-42.03,77.0,94,40,2.24,1605584073
mariinsk,RU,56.21,87.75,13.35,95,0,2.68,1605584073
ballangen,NO,68.34,16.83,50.0,53,89,16.11,1605584073
lompoc,US,34.64,-120.46,59.0,50,1,7.99,1605584073
omboue,GA,-1.57,9.26,76.55,90,100,9.86,1605584073
ponta do sol,PT,32.67,-17.1,68.0,72,20,5.82,1605584073
bambous virieux,MU,-20.34,57.76,77.0,69,20,10.29,1605584073
xingtai,CN,37.06,114.49,52.54,75,100,6.87,1605584073
amapa,BR,1.0,-52.0,72.57,98,49,2.3,1605584074
yankton,US,42.87,-97.4,35.6,80,1,4.7,1605584074
mayo,US,38.89,-76.51,53.6,32,1,13.87,1605584074
takoradi,GH,4.88,-1.76,77.92,85,54,5.53,1605584074
sinnamary,GF,5.38,-52.95,78.53,88,80,8.93,1605584074
porto novo,BJ,6.5,2.6,77.52,88,82,3.27,1605583794
huarmey,PE,-10.07,-78.15,63.23,86,97,10.36,1605584074
bandarbeyla,SO,9.49,50.81,76.32,72,20,17.36,1605584074
klaksvik,FO,62.23,-6.59,39.2,93,94,9.17,1605584074
abu samrah,SY,35.3,37.18,53.85,73,0,5.68,1605584074
flinders,AU,-34.58,150.86,68.0,60,75,10.29,1605584015
namatanai,PG,-3.67,152.43,85.96,67,57,2.15,1605584075
altamira,BR,-3.2,-52.21,74.35,94,100,2.26,1605584075
rio grande,BR,-32.03,-52.1,55.0,90,1,11.61,1605584075
cockburn town,TC,21.46,-71.14,81.09,80,11,20.92,1605583945
santo tomas,PH,14.11,121.14,90.0,66,40,5.82,1605584075
illela,NG,13.73,5.3,73.83,26,0,12.15,1605584075
makakilo city,US,21.35,-158.09,82.4,58,1,6.93,1605584075
sabang,ID,5.89,95.32,82.76,76,100,16.51,1605584075
port macquarie,AU,-31.43,152.92,73.99,64,81,4.0,1605583851
hay river,CA,60.82,-115.8,-4.0,83,12,4.7,1605583841
phangnga,TH,8.45,98.53,86.0,70,20,4.7,1605584075
las margaritas,MX,16.32,-91.98,59.94,93,78,6.71,1605584075
port hedland,AU,-20.32,118.57,104.0,23,2,10.29,1605584076
guerrero negro,MX,27.98,-114.06,68.9,55,16,7.99,1605584076
sanmenxia,CN,34.77,111.18,58.66,72,100,11.59,1605584076
malvern,US,34.36,-92.81,51.01,57,1,3.78,1605584064
tommot,RU,58.96,126.29,8.73,91,100,12.06,1605584076
ostrovnoy,RU,68.05,39.51,35.1,87,99,24.56,1605584076
pangody,RU,65.85,74.49,11.55,96,90,8.32,1605584076
savannah bight,HN,16.45,-85.85,82.99,86,100,11.99,1605584076
cherskiy,RU,68.75,161.3,-12.77,90,100,6.38,1605584076
maniitsoq,GL,65.42,-52.9,25.18,80,98,12.19,1605584076
talnakh,RU,69.49,88.4,8.6,92,75,22.37,1605584076
kloulklubed,PW,7.04,134.26,87.8,70,75,12.75,1605584076
lubango,AO,-14.92,13.49,61.16,38,42,3.67,1605584076
yakeshi,CN,49.28,120.73,25.7,96,88,7.72,1605584077
guozhen,CN,34.37,107.36,52.63,73,98,0.69,1605584077
hasaki,JP,35.73,140.83,69.01,52,20,11.41,1605584077
vung tau,VN,10.35,107.08,84.06,66,1,8.43,1605584077
santa cecilia,BR,-26.96,-50.43,59.23,100,59,1.12,1605583859
kaeo,NZ,-35.1,173.78,75.0,64,0,8.99,1605584077
pasighat,IN,28.07,95.33,76.87,46,0,2.13,1605584077
cayenne,GF,4.93,-52.33,77.0,100,0,8.14,1605583806
tazovskiy,RU,67.47,78.7,16.3,97,99,12.41,1605584077
nacala,MZ,-14.54,40.67,78.8,72,21,5.1,1605584077
chimbote,PE,-9.09,-78.58,62.15,90,100,7.4,1605584077
dyersburg,US,36.03,-89.39,51.8,43,1,6.93,1605583936
tromso,NO,69.65,18.96,46.4,61,0,49.44,1605584078
magnor,SE,59.95,12.2,46.4,93,34,4.7,1605584078
gwadar,PK,25.12,62.33,72.32,22,0,13.82,1605584078
sao joao da barra,BR,-21.64,-41.05,75.6,92,100,2.39,1605584078
tanabe,JP,33.73,135.37,71.6,49,20,2.24,1605584078
erenhot,CN,43.65,111.98,45.72,59,31,11.48,1605584078
lazaro cardenas,MX,17.96,-102.2,77.43,86,1,4.03,1605584078
sept-iles,CA,50.2,-66.38,34.0,86,40,11.41,1605583835
catuday,PH,16.29,119.81,83.7,70,0,5.23,1605584078
turayf,SA,31.67,38.66,44.6,100,0,5.82,1605584079
nemuro,JP,43.32,145.57,41.0,41,20,13.87,1605584079
bay roberts,CA,47.6,-53.26,43.0,100,90,28.86,1605584079
estepona,ES,36.43,-5.15,62.6,88,2,8.05,1605584079
rundu,NA,-17.93,19.77,68.05,79,17,3.04,1605584079
ornskoldsvik,SE,63.29,18.72,44.6,100,90,17.22,1605584079
natal,BR,-5.79,-35.21,78.8,83,40,8.05,1605583998
tucson,US,32.22,-110.93,75.0,13,1,6.93,1605584044
pontes e lacerda,BR,-15.23,-59.34,75.24,80,99,2.3,1605584079
acapulco,MX,16.86,-99.89,82.4,83,5,8.05,1605583780
umm lajj,SA,25.02,37.27,71.13,64,0,8.52,1605583812
la ronge,CA,55.1,-105.28,-2.2,77,0,1.12,1605584079
pankovka,RU,58.5,31.2,31.12,93,100,14.92,1605584080
muravlenko,RU,63.79,74.52,7.03,95,25,13.35,1605584080
kodiak,US,57.79,-152.41,33.8,69,1,13.87,1605584080
maragogipe,BR,-12.78,-38.92,77.0,88,20,4.7,1605584080
koprivstica,RS,43.23,22.62,44.01,93,5,4.7,1605584080
ilorin,NG,8.5,4.55,73.4,88,0,1.48,1605584080
half moon bay,US,37.46,-122.43,61.0,76,1,6.24,1605583881
columbus,US,39.96,-83.0,46.0,56,40,8.05,1605584080
krasnoselkup,RU,65.7,82.47,9.32,95,96,10.78,1605584080
labuhan,ID,-6.88,112.21,88.86,61,72,1.99,1605584080
vangaindrano,MG,-23.35,47.6,72.41,79,41,5.41,1605584080
san francisco,US,37.77,-122.42,62.01,59,20,2.46,1605583832
nakamura,JP,32.98,132.93,70.03,68,41,5.66,1605584081
cabo san lucas,MX,22.89,-109.91,75.2,60,5,9.17,1605584081
mogadishu,SO,2.04,45.34,79.59,80,46,11.07,1605584081
homun,MX,20.73,-89.28,77.0,83,5,4.7,1605584081
betul,IN,21.92,77.9,79.3,46,20,4.63,1605584081
manono,CD,-7.3,27.42,68.16,95,98,0.94,1605584081
high prairie,CA,55.43,-116.49,19.4,100,100,1.12,1605584081
miri,MY,4.41,114.01,82.4,88,40,3.36,1605584081
san ramon,US,37.78,-121.98,59.0,54,1,5.82,1605583958
kitgum,UG,3.28,32.89,66.69,88,90,1.3,1605584081
zeya,RU,53.75,127.27,18.05,81,0,2.1,1605584082
pinamungahan,PH,10.27,123.58,86.0,70,40,12.75,1605584082
abu dhabi,AE,24.47,54.37,73.4,78,0,2.24,1605584082
coihaique,CL,-45.58,-72.07,46.4,87,0,3.49,1605583919
burnie,AU,-41.07,145.92,64.0,31,72,7.0,1605584082
arlit,NE,18.74,7.39,68.52,29,36,6.51,1605584082
san blas,MX,21.52,-105.27,73.94,71,0,3.62,1605584082
oyama,JP,36.3,139.8,68.0,42,20,9.17,1605584039
evreux,FR,49.02,1.15,50.0,87,0,8.05,1605584082
clocolan,ZA,-28.91,27.57,61.23,76,98,9.73,1605584082
morondava,MG,-20.28,44.28,78.98,73,29,3.15,1605584082
san jeronimo,PE,-11.95,-75.28,50.07,69,100,2.71,1605584082
brae,GB,60.4,-1.35,50.0,81,95,13.87,1605584082
kutum,SD,14.2,24.67,56.32,44,0,7.78,1605584082
leh,IN,34.17,77.58,23.0,75,85,3.4,1605583801
paris,FR,48.85,2.35,51.8,93,0,8.05,1605583509
tambun,ID,-6.26,107.07,93.99,66,40,3.36,1605584083
avera,US,33.19,-82.53,46.4,100,1,4.7,1605584083
wajid,SO,3.81,43.25,73.44,73,16,11.81,1605584083
yar-sale,RU,66.83,70.83,21.2,97,97,10.47,1605584083
tarso,TR,36.92,34.88,53.6,71,0,5.82,1605584083
udachnyy,RU,66.42,112.4,-4.0,83,0,4.47,1605584083
adrar,MR,20.5,-10.07,70.16,24,28,12.57,1605584083
kysyl-syr,RU,63.9,122.76,-12.24,88,31,5.95,1605584083
oistins,BB,13.07,-59.53,80.6,78,20,17.22,1605583821
severo-kurilsk,RU,50.68,156.12,32.76,87,71,20.54,1605584084
novita,CO,4.96,-76.61,72.93,93,100,1.34,1605584084
berlevag,NO,70.86,29.09,43.45,79,97,38.7,1605584084
maniwaki,CA,46.38,-75.97,32.0,94,79,8.05,1605584084
tongchuan,CN,35.08,109.09,51.4,83,100,4.63,1605584084
carballo,ES,43.21,-8.69,48.99,100,90,6.93,1605584084
ocampo,MX,21.65,-101.5,47.19,93,0,12.86,1605584084
road town,VG,18.42,-64.62,78.8,78,20,5.82,1605584084
touros,BR,-5.2,-35.46,78.8,83,20,6.93,1605584084
kidal,ML,18.44,1.41,66.63,26,69,10.92,1605584084
tornio,FI,65.85,24.15,39.2,93,90,14.99,1605584084
nyurba,RU,63.28,118.33,-6.14,88,95,7.14,1605584084
saky,UA,45.14,33.6,37.83,81,9,12.19,1605584084
olga,RU,43.74,135.29,41.85,59,92,4.52,1605584085
mutare,ZW,-18.97,32.67,63.61,65,0,2.19,1605584085
hamilton,US,39.18,-84.53,50.0,42,75,11.41,1605584085
asyut,EG,27.18,31.18,55.4,87,0,13.87,1605584085
kalmunai,LK,7.42,81.82,78.84,84,100,2.98,1605584085
paramonga,PE,-10.67,-77.83,62.78,87,95,8.25,1605584085
jardim,BR,-21.48,-56.14,72.75,92,3,2.95,1605584085
manicore,BR,-5.81,-61.3,77.0,94,40,3.36,1605584024
ixtapa,MX,20.7,-105.2,75.99,83,5,2.82,1605584085
rudsar,IR,37.14,50.29,55.4,82,40,2.24,1605584085
zhigansk,RU,66.77,123.37,-10.21,88,95,10.04,1605584085
barbate,ES,36.19,-5.92,62.6,100,90,2.24,1605584085
dwarka,IN,22.24,68.97,80.28,40,0,16.46,1605584086
mezen,RU,65.85,44.24,30.56,95,88,10.8,1605584086
san quintin,MX,30.48,-115.95,67.3,39,0,2.71,1605584086
povenets,RU,62.85,34.83,34.32,88,96,16.46,1605584086
tursunzoda,TJ,38.51,68.23,33.8,86,20,3.42,1605584086
desnogorsk,RU,54.15,33.28,22.87,93,56,9.48,1605584086
wachtersbach,DE,50.26,9.3,46.99,91,99,5.75,1605584086
gari,RU,59.43,62.35,15.44,96,20,5.01,1605584086
northam,GB,51.03,-4.22,55.0,95,100,5.99,1605584086
savannakhet,LA,16.57,104.75,84.2,66,20,4.7,1605584086
soubre,CI,5.79,-6.61,71.74,98,47,1.68,1605584086
laguna,US,38.42,-121.42,53.01,66,1,4.54,1605584087
bac lieu,VN,9.29,105.72,86.65,67,33,13.38,1605584038
nadym,RU,65.53,72.52,16.34,96,74,10.09,1605584087
victoria,HK,22.29,114.16,75.99,78,30,5.01,1605584048
batagay-alyta,RU,67.8,130.41,-9.29,81,86,3.33,1605584087
bulaevo,KZ,54.91,70.44,7.45,92,100,8.7,1605584087
sindou,BF,10.67,-5.17,72.9,34,0,4.88,1605584087
nuuk,GL,64.18,-51.72,21.2,37,94,5.82,1605584087
odweyne,SO,9.41,45.06,67.03,28,2,11.72,1605584087
sao jose do campestre,BR,-6.32,-35.71,78.8,83,40,8.05,1605584087
zhigalovo,RU,54.81,105.16,17.19,87,100,2.26,1605584087
haines junction,CA,60.75,-137.51,-5.8,83,26,1.12,1605584087
nanton,CA,50.35,-113.77,33.8,86,100,11.41,1605583873
mateus leme,BR,-19.99,-44.43,69.8,83,75,2.24,1605584088
vila franca do campo,PT,37.72,-25.43,66.2,93,75,19.46,1605584088
dingle,PH,11.0,122.67,85.41,76,86,12.37,1605584088
nome,US,64.5,-165.41,28.4,79,75,8.05,1605584088
syamzha,RU,60.02,41.06,23.92,87,0,8.1,1605584088
novobiryusinskiy,RU,56.96,97.71,19.49,93,87,1.39,1605584088
guider,CM,9.93,13.95,71.35,31,0,7.47,1605584088
naryan-mar,RU,67.67,53.09,29.37,97,100,21.72,1605584088
college,US,64.86,-147.8,-2.99,69,40,1.66,1605584088
mirnyy,RU,62.54,113.96,-7.6,76,0,13.42,1605584088
broome,US,42.25,-75.83,35.6,59,90,10.29,1605584089
phibun mangsahan,TH,15.24,105.23,84.2,70,0,3.36,1605584089
port hawkesbury,CA,45.62,-61.35,41.0,93,1,9.17,1605584089
olafsvik,IS,64.89,-23.71,33.96,87,100,22.79,1605584089
okha,RU,53.57,142.95,21.45,93,100,22.84,1605584089
kang,BW,-23.68,22.79,69.71,60,0,7.09,1605584089
xining,CN,36.62,101.77,39.61,70,100,6.11,1605583836
korla,CN,41.76,86.15,39.99,74,0,3.0,1605584089
brigantine,US,39.41,-74.36,50.0,49,1,4.7,1605584089
nantucket,US,41.28,-70.1,48.2,49,1,12.75,1605583825
bereda,ES,43.27,-7.54,43.0,100,0,1.01,1605584089
bull savanna,JM,17.89,-77.59,74.46,84,100,7.85,1605584089
chapais,CA,49.78,-74.85,19.4,92,90,8.05,1605584089
sakakah,SA,29.97,40.21,53.6,62,0,5.44,1605584090
geraldton,AU,-28.77,114.6,71.6,60,100,16.11,1605583842
puerto ayacucho,VE,5.66,-67.62,76.42,91,100,1.99,1605584090
bireun,ID,5.2,96.7,83.41,70,100,5.66,1605584090
wschowa,PL,51.81,16.32,46.99,78,65,7.4,1605584090
tiznit,MA,29.58,-9.5,67.41,31,0,3.51,1605584090
itoman,JP,26.12,127.67,80.6,65,40,18.34,1605584090
iqaluit,CA,63.75,-68.51,30.2,86,90,24.16,1605584090
shieli,KZ,44.17,66.75,16.05,86,0,13.44,1605584063
tilichiki,RU,60.47,166.1,17.37,96,57,4.97,1605584090
santiago del estero,AR,-27.8,-64.26,72.0,64,87,5.99,1605583881
alta floresta,BR,-9.88,-56.09,70.9,98,93,1.68,1605584091
hargeysa,SO,9.56,44.06,57.33,82,19,12.57,1605584091
moberly,US,39.42,-92.44,48.0,49,0,1.99,1605584091
linxia,CN,35.6,103.21,38.53,73,100,6.29,1605583889
denpasar,ID,-8.65,115.22,89.6,62,40,4.7,1605583932
culpeper,US,38.5,-77.97,37.4,59,1,5.88,1605583797
sorkjosen,NO,69.8,20.93,44.92,74,100,18.54,1605584091
chicama,PE,-7.84,-79.15,64.89,78,100,6.08,1605584091
datong,CN,40.09,113.29,45.43,71,100,4.23,1605584091
natchitoches,US,31.77,-93.13,44.6,81,1,1.79,1605583936
haverfordwest,GB,51.8,-4.97,55.4,87,100,31.09,1605584092
griffith,US,41.53,-87.42,46.4,56,1,16.11,1605584085
mishkino,RU,55.34,63.92,8.55,95,71,5.84,1605584092
aswan,EG,24.09,32.91,57.34,59,0,7.99,1605584092
oriental,MX,19.37,-97.62,51.12,83,97,10.18,1605584092
muisne,EC,0.6,-80.03,72.9,82,96,13.06,1605584092
vanino,RU,49.09,140.25,27.73,73,0,6.42,1605584092
carmelo,UY,-33.99,-58.29,69.8,72,0,5.82,1605584092
nizhniy odes,RU,63.64,54.86,21.4,96,92,7.56,1605584092
berezovyy,RU,51.67,135.7,20.64,82,0,7.45,1605584092
westport,US,41.14,-73.36,37.0,86,1,10.38,1605584089
weyburn,CA,49.67,-103.85,23.0,92,100,5.82,1605584093
paragominas,BR,-2.97,-47.48,73.27,94,100,2.42,1605584093
muros,ES,42.78,-9.06,48.99,93,0,4.7,1605584093
campbell river,CA,50.02,-125.24,34.0,97,90,4.7,1605584093
tuyen quang,VN,21.82,105.22,73.56,84,97,0.31,1605583988
bartica,GY,6.4,-58.62,77.0,100,40,4.7,1605584093
gladstone,AU,-23.85,151.25,84.2,54,23,16.11,1605584093
narsaq,GL,60.92,-46.05,14.0,61,6,3.36,1605584093
chistogorskiy,RU,53.98,87.38,17.91,95,100,8.21,1605584093
arman,RU,59.7,150.17,2.59,84,94,12.75,1605584093
kyshtovka,RU,56.55,76.63,14.34,91,100,7.61,1605584093
kalaleh,IR,37.38,55.49,44.6,81,75,4.7,1605584094
tignere,CM,7.37,12.65,64.22,37,0,1.79,1605584094
markala,ML,13.7,-6.07,72.14,22,0,9.26,1605584068
ngaoundere,CM,7.32,13.58,63.63,39,0,4.0,1605584094
ouadda,CF,8.08,22.4,68.18,39,12,4.88,1605584094
hvide sande,DK,56.0,8.13,50.0,81,100,3.0,1605584094
zhezkazgan,KZ,47.8,67.71,9.97,93,2,7.0,1605584094
balsas,BR,-7.53,-46.04,73.9,89,99,3.58,1605584094
andros,GR,37.83,24.93,57.2,76,0,3.36,1605584094
chibuto,MZ,-24.69,33.53,67.35,78,0,2.66,1605584094
hovd,MN,48.01,91.64,30.45,85,0,1.54,1605584094
tautira,PF,-17.73,-149.15,82.4,69,75,8.05,1605584094
dobsina,SK,48.82,20.37,42.01,93,90,4.7,1605584095
rocha,UY,-34.48,-54.33,49.24,73,0,2.51,1605583830
atar,MR,20.52,-13.05,74.98,23,100,11.56,1605584095
pochutla,MX,15.74,-96.47,78.8,78,40,3.0,1605584095
dovers,VC,12.88,-61.18,82.38,78,75,19.35,1605584095
narrabri,AU,-30.32,149.78,93.2,14,7,8.05,1605584095
kochevo,RU,59.6,54.31,14.63,95,0,4.52,1605584095
saint-pierre,RE,-21.34,55.48,71.6,49,75,5.82,1605584095
rio cuarto,AR,-33.13,-64.35,63.0,59,42,5.01,1605584095
tabuk,PH,17.42,121.44,84.43,67,32,3.13,1605584095
ivanteyevka,RU,55.97,37.92,23.0,73,0,8.95,1605584095
sabha,LY,27.04,14.43,59.47,53,9,7.74,1605584096
bakchar,RU,57.02,82.07,11.37,92,84,5.41,1605584096
lagoa,PT,39.05,-27.98,56.89,92,100,6.46,1605584096
lar,IN,26.2,83.97,78.17,50,0,9.6,1605584096
grindavik,IS,63.84,-22.43,32.0,78,40,16.11,1605584096
valparaiso,CL,-33.04,-71.63,57.0,68,32,1.3,1605584096
solnechnyy,RU,50.72,136.63,23.54,76,0,1.1,1605584096
doha,QA,25.29,51.53,77.0,73,0,3.36,1605584096
sterling,US,39.01,-77.43,46.99,36,1,6.93,1605584096
atbasar,KZ,51.8,68.33,4.57,93,1,5.97,1605584096
valdivia,CL,-39.81,-73.25,55.4,71,93,8.05,1605584096
sulangan,PH,11.14,123.72,83.59,77,25,10.96,1605584096
zhangye,CN,38.93,100.45,41.0,59,100,3.36,1605584097
necochea,AR,-38.55,-58.74,60.01,88,4,3.0,1605584097
lasa,IT,46.62,10.7,37.99,69,5,3.36,1605584097
uddevalla,SE,58.35,11.94,52.0,93,82,11.41,1605584097
beloha,MG,-25.17,45.05,76.86,52,0,2.15,1605584097
ranir bazar,IN,23.83,91.37,77.0,78,0,1.99,1605584097
hervey bay,AU,-25.3,152.85,86.0,51,41,14.99,1605584097
